{"cameraMode":{"drawMode":0,"name":"Shaded","section":"Shading Mode"},"sceneLighting":false,"audioPlay":false,"sceneViewState":{"showFog":true,"showMaterialUpdate":false,"showSkybox":true,"showFlares":true,"showImageEffects":true,"showParticleSystems":true},"in2DMode":false,"pivot":{"x":46.72146224975586,"y":1.559401035308838,"z":-12.448705673217774},"rotation":{"x":0.1609601378440857,"y":0.5814895629882813,"z":-0.11863159388303757,"w":0.7885989546775818},"size":7.25067138671875,"orthographic":false}