{"cameraMode":{"drawMode":0,"name":"Shaded","section":"Shading Mode"},"sceneLighting":false,"audioPlay":false,"sceneViewState":{"showFog":true,"showMaterialUpdate":false,"showSkybox":true,"showFlares":true,"showImageEffects":true,"showParticleSystems":true},"in2DMode":false,"pivot":{"x":17.279991149902345,"y":11.381976127624512,"z":1.5259366035461426},"rotation":{"x":0.05196084827184677,"y":0.9284231066703796,"z":-0.14202125370502473,"w":0.33935317397117617},"size":15.824193000793457,"orthographic":false}